Cliente	A1.1	1
Cliente	A2.4	16
Cliente	A2.5	2
Cliente	A2.7	1
Cliente	A6.5	1
Cliente	A9.2	2
Cliente	A9.5	1
Cliente	A9.6	1
Cliente	A9.7	1
Closer	A8.3	1
Contenido	A1.3	1
Contenido	A1.6	1
Contenido	A10.2	1
Contenido	A10.5	2
Contenido	A2.2	1
Contenido	A2.7	1
Contenido	A3.3	1
Contenido	A3.4	1
Contenido	A4.1	5
Contenido	A4.2	7
Contenido	A4.3	1
Contenido	A4.4	4
Contenido	A4.7	9
Contenido	A6.1	3
Contenido	A6.3	1
Contenido	A6.7	2
Contenido	A7.1	1
Contenido	A7.7	2
Contenido	A8.1	2
Contenido	A8.5	1
Contenido	A8.6	1
Contenido	A9.1	2
Contenido	A9.2	1
Contenido	A9.6	1
Copy	A1.1	1
Copy	A1.2	4
Copy	A1.3	1
Copy	A1.5	1
Copy	A1.6	3
Copy	A10.2	6
Copy	A10.5	2
Copy	A2.1	2
Copy	A2.2	16
Copy	A2.3	4
Copy	A2.5	1
Copy	A2.6	1
Copy	A2.8	2
Copy	A2.9	1
Copy	A3.3	2
Copy	A3.6	1
Copy	A4.2	2
Copy	A4.4	3
Copy	A5.2	1
Copy	A5.5	1
Copy	A6.1	3
Copy	A6.7	1
Copy	A7.1	2
Copy	A7.4	1
Copy	A7.6	1
Copy	A8.2	1
Copy	A9.1	5
Copy	A9.2	5
Copy	A9.3	1
Copy	A9.4	22
Copy	A9.5	2
Copy	A9.6	5
Director Comercial	A1.3	3
Director Comercial	A10.2	1
Director Comercial	A10.5	1
Director Comercial	A11.2	4
Director Comercial	A11.3	1
Director Comercial	A12.1	2
Director Comercial	A12.2	6
Director Comercial	A12.4	1
Director Comercial	A12.5	1
Director Comercial	A12.6	1
Director Comercial	A12.8	1
Director Comercial	A3.2	1
Director Comercial	A3.4	1
Director Comercial	A3.5	1
Director Comercial	A5.5	1
Director Comercial	A6.1	1
Director Comercial	A6.3	1
Director Comercial	A6.4	3
Director Comercial	A6.5	3
Director Comercial	A6.6	1
Director Comercial	A6.7	2
Director Comercial	A6.8	2
Director Comercial	A8.1	6
Director Comercial	A8.2	2
Director Comercial	A8.3	2
Director Comercial	A8.4	1
Director Comercial	A9.1	1
Director Comercial	A9.4	1
Director Comercial	A9.6	2
Director Comercial	A9.7	2
Diseño	A12.2	1
Diseño	A2.5	1
Diseño	A2.6	2
Diseño	A2.8	6
Diseño	A2.9	2
Diseño	A4.7	7
Editor	A2.2	2
Editor	A2.5	2
Editor	A4.7	56
Editor	A5.3	2
Editor	A7.7	1
Ejecutivo	A1.1	1
Ejecutivo	A1.2	2
Ejecutivo	A1.3	4
Ejecutivo	A1.5	1
Ejecutivo	A1.6	1
Ejecutivo	A10.2	6
Ejecutivo	A10.5	6
Ejecutivo	A11.1	3
Ejecutivo	A11.2	1
Ejecutivo	A11.3	3
Ejecutivo	A12.1	2
Ejecutivo	A12.2	2
Ejecutivo	A12.4	1
Ejecutivo	A12.6	1
Ejecutivo	A12.7	1
Ejecutivo	A12.8	1
Ejecutivo	A2.2	1
Ejecutivo	A2.5	1
Ejecutivo	A2.7	1
Ejecutivo	A3.2	3
Ejecutivo	A3.3	2
Ejecutivo	A3.6	1
Ejecutivo	A4.4	2
Ejecutivo	A5.5	2
Ejecutivo	A6.1	5
Ejecutivo	A6.2	1
Ejecutivo	A6.7	3
Ejecutivo	A7.1	6
Ejecutivo	A7.3	4
Ejecutivo	A7.4	1
Ejecutivo	A7.5	2
Ejecutivo	A7.6	8
Ejecutivo	A7.7	2
Ejecutivo	A7.8	1
Ejecutivo	A8.1	4
Ejecutivo	A8.2	2
Ejecutivo	A8.3	1
Ejecutivo	A8.4	4
Ejecutivo	A8.5	1
Ejecutivo	A9.1	3
Ejecutivo	A9.2	1
Ejecutivo	A9.4	4
Ejecutivo	A9.5	12
Ejecutivo	A9.6	8
Ejecutivo	A9.7	5
Estratega	A10.5	2
Estratega	A2.1	3
Estratega	A2.2	3
Estratega	A2.3	1
Estratega	A2.5	1
Estratega	A3.1	6
Estratega	A3.2	8
Estratega	A3.3	5
Estratega	A3.4	3
Estratega	A3.5	1
Estratega	A6.8	1
Estratega	A7.6	1
Estratega	A8.2	1
Estratega	A8.3	1
Estratega	A8.4	1
Estratega	A8.6	2
Estratega	A9.1	2
Líder de servicio	A12.2	1
Líder de servicio	A12.4	2
Líder de servicio	A12.6	2
Líder de servicio	A12.7	3
Líder de servicio	A5.1	1
Líder de servicio	A5.2	1
Líder de servicio	A5.5	2
Líder de servicio	A6.7	1
Líder de servicio	A7.4	1
Operaciones	A10.2	2
Operaciones	A10.5	1
Operaciones	A11.3	1
Operaciones	A12.2	1
Operaciones	A3.1	1
Operaciones	A6.1	4
Operaciones	A6.2	1
Operaciones	A7.1	3
Operaciones	A7.3	2
Operaciones	A7.4	1
Operaciones	A7.6	13
Operaciones	A7.8	1
Operaciones	A8.5	1
Operaciones	A9.2	1
Operaciones	A9.4	1
Operaciones	A9.5	11
Operaciones	A9.6	6
Operaciones	A9.7	4
Project Manager	A10.1	1
Project Manager	A10.2	9
Project Manager	A10.3	1
Project Manager	A10.5	7
Project Manager	A11.1	1
Project Manager	A11.2	4
Project Manager	A12.2	1
Project Manager	A12.5	1
Project Manager	A12.6	1
Project Manager	A12.7	3
Project Manager	A2.2	4
Project Manager	A2.3	1
Project Manager	A2.4	4
Project Manager	A2.5	8
Project Manager	A2.7	6
Project Manager	A2.8	2
Project Manager	A3.1	2
Project Manager	A3.2	1
Project Manager	A3.4	1
Project Manager	A4.1	1
Project Manager	A4.2	4
Project Manager	A4.4	2
Project Manager	A4.7	67
Project Manager	A5.1	2
Project Manager	A5.2	1
Project Manager	A5.3	3
Project Manager	A5.5	1
Project Manager	A6.1	3
Project Manager	A6.4	1
Project Manager	A6.7	3
Project Manager	A7.1	1
Project Manager	A7.3	1
Project Manager	A7.5	2
Project Manager	A7.6	1
Project Manager	A7.7	1
Project Manager	A8.2	1
Project Manager	A8.3	1
Project Manager	A8.4	2
Project Manager	A8.5	3
Project Manager	A9.1	1
Project Manager	A9.2	2
Project Manager	A9.3	1
Project Manager	A9.6	1
Technology	A1.1	1
Technology	A10.5	2
Technology	A11.1	2
Technology	A11.2	2
Technology	A6.1	2
Technology	A7.1	4
Technology	A7.3	3
Technology	A7.6	4
Technology	A7.7	1
Technology	A9.5	1
Technology	A9.7	2
